linha,nome,grupo,status,nota
1,Câmara Interministerial de Segurança Alimentar e Nutricional,G001,certo,
2,Câmara-Executiva Federal de Identificação do Cidadão,G002,certo,
3,Comissão de Objetivos do Desenvolvimento Sustentável (CNODS),G003,certo,
4,Comissão de Valores Mobiliários,G004,certo,
5,Comissão Especial sobre Mortos e Desaparecidos Políticos (CEMDP),G005,certo,
6,Comissão Nacional de Agroecologia e Produção Orgânica (CNAPO),G006,certo,
7,Comissão Nacional de Erradicação do Trabalho Escravo (CONATRAE),G007,certo,
8,Comissão Nacional de População e Desenvolvimento (CNPD),G008,certo,
9,Comissão Nacional de População e Desenvolvimento,G008,certo,
10,Comissão Nacional para REDD+,G009,certo,
11,Comissão Tripartite Paritária Permanente (CTPP),G010,certo,
12,Comitê Executivo do CITDigital,G011,certo,
13,Comitê Gestor da CPR Furnas,G012,certo,
14,Comitê Gestor da CPR São Francisco e Parnaíba,G013,certo,
15,Comitê Gestor do Fundo Nacional sobre Mudança do Clima (CG-FNMC),G014,certo,
16,Comitê Gestor do Sistema Nacional de Informações de Registro Civil,G015,certo,
17,Comitê Interministerial da Política Pública de Juventude,G016,certo,
18,Comitê Intersetorial de Acompanhamento e Monitoramento da Política Nacional para População em Situação de Rua,G017,certo,
19,Comitê Nacional de Manejo Integrado do Fogo,G018,certo,
20,Comitê Nacional para os Refugiados (CONARE),G019,certo,
21,Comitê-Executivo de Gestão,G020,certo,
22,Conselho Curador do FGTS (CCFGTS),G021,certo,
23,Conselho Curador do Fundo de Desenvolvimento Social (CCFDS),G022,certo,
24,Conselho da Justiça Federal,G023,certo,
25,Conselho das Cidades,G024,certo,
26,Conselho das Cidades (ConCidades),G024,certo,
27,Conselho de Defesa dos Direitos da Pessoa Humana,G025,certo,nome anterior: Lei 12.986/2014 o transforma em Conselho Nacional dos Direitos Humanos
28,Conselho de Ensino Pesquisa e Extensão,G026,indefinido,nome genérico: 205+ unidades colegiadas no SIORG com esse nome (uma por universidade/instituto)
29,Conselho de Gestão do Patrimônio Genético,G027,certo,
30,Conselho de Participação Social (CPS),G028,certo,
31,"Conselho de Transparência, Integridade e Combate à Corrupção",G029,certo,
32,"Conselho de Transparência, Integridade e Combate à Corrupção (CTICC)",G029,certo,
33,Conselho Deliberativo,G030,indefinido,nome genérico: sem o órgão a que pertence
34,Conselho Deliberativo do Desenvolvimento do Centro-Oeste,G031,certo,
35,Conselho Deliberativo do Fundo Nacional do Meio Ambiente (CD-FNMA),G032,certo,
36,Conselho Deliberativo do Fundo de Amparo ao Trabalhador (CODEFAT),G033,certo,
37,Conselho Deliberativo do Fundo Nacional do Meio Ambiente,G032,certo,
38,Conselho Diretor do Fundo da Marinha Mercante (CDFMM),G034,certo,
39,Conselho Diretor do Fundo Nacional de Desenvolvimento Científico e Tecnológico,G035,certo,
40,Conselho Federal Gestor do Fundo de Defesa dos Direitos Difusos (CFDD),G036,certo,
41,Conselho Gestor do Fundo de Universalização dos Serviços de Telecomunicações,G037,certo,
42,Conselho Gestor do Fundo Nacional de Habitação de Interesse Social (CGFNHIS),G038,certo,
43,Conselho Monetário Nacional,G039,certo,
44,Conselho Nacional das Populações Extrativistas Instituto Chico Mendes de Conservação da Biodiversidade,G040,ambiguo,nome seguido do ICMBio (hierarquia do artCategory sem a barra); não é colegiado do governo no SIORG
45,CONSELHO NACIONAL DAS ZONAS DE PROCESSAMENTO DE EXPORTAÇÃO,G041,certo,
46,CONSELHO NACIONAL DAS ZONAS DE PROCESSAMENTO DE EXPORTAÇÃO-CZPE,G041,certo,sigla com hífen
47,Conselho Nacional de Aquicultura e Pesca (CONAPE),G042,certo,
48,Conselho Nacional de Arquivos,G043,certo,
49,CONSELHO NACIONAL DE ASSISTÊNCIA SOCIAL,G044,certo,
50,Conselho Nacional de Assistência Social (CNAS),G044,certo,
51,Conselho Nacional de Ciência e Tecnologia,G045,certo,
52,Conselho Nacional de Ciência e Tecnologia (CCT),G045,certo,
53,Conselho Nacional de Combate à Pirataria e Delitos contra a Propriedade Intelectual (CNCP),G046,certo,
54,Conselho Nacional de Combate à Pirataria e aos Delitos Ministério da Justiça e Segurança Pública,G046,certo,nome seguido do ministério (hierarquia do artCategory sem a barra)
55,Conselho Nacional de Combate à Pirataria e Delitos de Propriedade Intelectual,G046,certo,"""de"" no lugar de ""contra a"""
56,Conselho Nacional de Controle de Experimentação Animal (CONCEA),G047,certo,
57,Conselho Nacional de Controle de Experimentação Animal,G047,certo,
58,Conselho Nacional de Desenvolvimento Industrial (CNDI),G048,certo,
59,Conselho Nacional de Desenvolvimento Rural Sustentável (CONDRAF),G049,certo,
60,Conselho Nacional de Desenvolvimento Científico e Tecnológico,G050,certo,
61,Conselho Nacional de Desenvolvimento Econômico e Social Sustentável,G051,certo,
62,CONSELHO NACIONAL DE DESENVOLVIMENTO INDUSTRIAL,G048,certo,
63,CONSELHO NACIONAL DE DESENVOLVIMENTO RURAL SUSTENTÁVEL,G049,certo,
64,Conselho Nacional de Economia Solidária,G052,certo,
65,Conselho Nacional de Economia Solidária (CNES),G052,certo,
66,Conselho Nacional de Educação,G053,certo,
67,Conselho Nacional de Educação (CNE),G053,certo,
68,CONSELHO NACIONAL DE FERTILIZANTES,G054,ambiguo,CONFERT (Decreto 10.991/2022) ou um conselho anterior de nome mais curto?
69,CONSELHO NACIONAL DE FERTILIZANTES E NUTRIÇÃO DE PLANTAS,G055,ambiguo,CONFERT (Decreto 10.991/2022) ou um conselho anterior de nome mais curto?
70,Conselho Nacional de Fomento e Colaboração (CONFOCO),G056,certo,
71,Conselho Nacional de Fomento e Colaboração,G056,certo,
72,CONSELHO NACIONAL DE IMIGRAÇÃO,G057,certo,
73,Conselho Nacional de Imigração (CNIg),G057,certo,
74,Conselho Nacional de Justiça,G058,certo,
75,Conselho Nacional de Juventude,G059,certo,
76,Conselho Nacional de Juventude (CONJUVE),G059,certo,
77,Conselho Nacional de Meio Ambiente,G060,certo,"""de"" no lugar de ""do"""
78,"Conselho Nacional de Metrologia, Normalização e Qualidade Industrial",G061,certo,
79,Conselho Nacional de Política Criminal e Penitenciária (CNPCP),G062,certo,
80,Conselho Nacional de Política Criminal e Penitenciária,G062,certo,
81,CONSELHO NACIONAL DE POLÍTICA CULTURAL,G063,certo,
82,Conselho Nacional de Política Cultural (CNPC),G063,certo,
83,Conselho Nacional de Política Cultural a regulamentação do Sistema Nacional de Cultura,G063,certo,nome seguido de trecho da ementa
84,Conselho Nacional de Política Energética,G064,certo,
85,Conselho Nacional de Política Energética (CNPE),G064,certo,
86,Conselho Nacional de Política Fazendária,G065,certo,
87,Conselho Nacional de Política Indigenista,G066,certo,
88,Conselho Nacional de Política Indigenista (CNPI),G066,certo,
89,Conselho Nacional de Políticas sobre Drogas,G067,certo,
90,Conselho Nacional de Previdência Complementar,G068,certo,
91,Conselho Nacional de Previdência Social,G069,certo,
92,Conselho Nacional de Promoção da Igualdade Racial,G070,certo,
93,Conselho Nacional de Proteção de Dados Pessoais e da Privacidade,G071,certo,
94,Conselho Nacional de Recursos Hídricos,G072,certo,
95,Conselho Nacional de Recursos Hídricos (CNRH),G072,certo,
96,Conselho Nacional de Saúde,G073,certo,
97,Conselho Nacional de Saúde (CNS),G073,certo,
98,Conselho Nacional de Segurança Alimentar e Nutricional (CONSEA),G074,certo,
99,Conselho Nacional de Segurança Pública e Defesa Social (CNSP),G075,certo,
100,Conselho Nacional de Segurança Alimentar e Nutricional,G074,certo,
101,Conselho Nacional de Segurança Pública e Defesa Social,G075,certo,
102,Conselho Nacional de Trânsito,G076,certo,
103,CONSELHO NACIONAL DE TURISMO,G077,certo,
104,Conselho Nacional de Turismo (CNT),G077,certo,
105,CONSELHO NACIONAL DO ESPORTE,G078,certo,
106,Conselho Nacional do Esporte (CNE),G078,certo,
107,Conselho Nacional do Meio Ambiente,G060,certo,
108,Conselho Nacional do Meio Ambiente (CONAMA),G060,certo,
109,CONSELHO NACIONAL DO SERVIÇO SOCIAL DO TRANSPORTE,G079,certo,
110,Conselho Nacional do Trabalho (CNT),G080,certo,
111,Conselho Nacional dos Direitos das Pessoas LGBTQIA+ (CNLGBTQIA+),G081,certo,
112,Conselho Nacional dos Direitos da Criança e do Adolescente (CONANDA),G082,certo,
113,Conselho Nacional dos Direitos da Pessoa com Deficiência (CONADE),G083,certo,
114,Conselho Nacional dos Direitos da Criança e do Adolescente,G082,certo,
115,CONSELHO NACIONAL DOS DIREITOS DA MULHER,G084,certo,"Lei 7.353/1985; o Decreto 11.351/2023 escreve ""das Mulheres"""
116,Conselho Nacional dos Direitos da Mulher (CNDM),G084,certo,Lei 7.353/1985
117,Conselho Nacional dos Direitos da Pessoa com Deficiência,G083,certo,
118,Conselho Nacional dos Direitos da Pessoa Idosa,G085,certo,Decreto 9.893/2019 passa a chamá-lo Conselho Nacional dos Direitos da Pessoa Idosa
119,Conselho Nacional dos Direitos das Mulheres,G084,certo,"grafia do Decreto 11.351/2023 (sem ""passa a denominar-se"")"
120,"Conselho Nacional dos Direitos das Pessoas Lésbicas, Gays, Bissexuais, Travestis, Trans., Queers, Intersexos,",G081,certo,nome truncado
121,Conselho Nacional dos Direitos das Pessoas LGBTQIA+,G081,certo,
122,Conselho Nacional dos Direitos do Idoso,G085,certo,nome anterior ao Decreto 9.893/2019
123,Conselho Nacional dos Direitos Humanos,G025,certo,"Lei 12.986, de 2/6/2014"
124,Conselho Nacional dos Povos e Comunidades Tradicionais,G086,certo,
125,Conselho Nacional dos Regimes Próprios de Previdência Social,G087,certo,
